test,predict
3.6432222219999995,3.4510355
3.383777778,3.4816144
3.339777778,3.513285
4.044,3.513735
3.680888889,3.5147476
3.424777778,3.2961133
3.466111111,3.1921794
3.470333333,2.9727325
3.522222222,3.0519228
3.398666667,3.0980036
3.265777778,3.1869357
3.177222222,3.1953332
3.268555556,3.173112
3.263222222,3.153466
3.061888889,3.078393
3.212666667,3.208926
3.219111111,3.2162662
3.1401111110000004,3.1712546
3.081222222,3.0378926
3.1951111110000006,2.9882123
3.164777778,2.8888512
3.287888889,2.9009228
3.361111111,2.8413694
