test,predict
3.439888889,3.502894
3.566666667,3.4736304
3.6527777780000004,3.4598446
4.180555556,3.5259748
3.887,3.5128517
3.747111111,3.4648314
3.7238888889999995,3.3388078
3.6333333329999995,3.265563
3.439555556,3.2865233
3.402666667,3.3616302
3.162777778,3.387733
3.145888889,3.281945
3.336222222,3.2259142
3.028777778,3.1641998
2.881555556,3.230043
2.794666667,3.2479115
2.818555556,3.1916175
2.762222222,3.0514264
2.901111111,3.009907
2.9221111109999995,2.9865384
2.893666667,3.0732334
2.941111111,3.168296
2.9066666670000005,3.3417995
