test,predict
3.439888889,3.6527085
3.566666667,3.5998979
3.6527777780000004,3.5659666
4.180555556,3.7691758
3.887,3.752461
3.747111111,3.33161
3.7238888889999995,3.2361665
3.6333333329999995,3.263419
3.439555556,3.3512125
3.402666667,3.448734
3.162777778,3.474312
3.145888889,3.502289
3.336222222,3.4657302
3.028777778,3.4954705
2.881555556,3.438885
2.794666667,3.3315701
2.818555556,3.2246146
2.762222222,3.1509695
2.901111111,3.1721888
2.9221111109999995,3.0868883
2.893666667,3.0781944
2.941111111,3.0894368
2.9066666670000005,3.473328
