test,predict
3.439888889,3.6278756
3.566666667,3.6125643
3.6527777780000004,3.5720396
4.180555556,3.6637945
3.887,3.5650275
3.747111111,3.403087
3.7238888889999995,3.3580477
3.6333333329999995,3.3564284
3.439555556,3.3784614
3.402666667,3.3860545
3.162777778,3.332006
3.145888889,3.371291
3.336222222,3.2463067
3.028777778,3.2916687
2.881555556,3.2055192
2.794666667,3.1596553
2.818555556,3.1210897
2.762222222,3.0275764
2.901111111,2.979784
2.9221111109999995,2.9556794
2.893666667,3.0270884
2.941111111,3.1550848
2.9066666670000005,3.349476
