test,predict
3.439888889,3.7412107
3.566666667,3.7479343
3.6527777780000004,3.7483728
4.180555556,3.7328537
3.887,3.6493871
3.747111111,3.4793746
3.7238888889999995,3.3537986
3.6333333329999995,3.307963
3.439555556,3.3887703
3.402666667,3.548648
3.162777778,3.5773892
3.145888889,3.5774555
3.336222222,3.5871606
3.028777778,3.4963388
2.881555556,3.2474797
2.794666667,3.1538854
2.818555556,3.1523836
2.762222222,3.006361
2.901111111,2.9812827
2.9221111109999995,3.019035
2.893666667,3.061559
2.941111111,3.15912
2.9066666670000005,3.379184
